<?xml version="1.0" encoding="UTF-8" ?>
<!DOCTYPE struts PUBLIC
	"-//Apache Software Foundation//DTD Struts Configuration 2.5//EN"
	"http://struts.apache.org/dtds/struts-2.5.dtd">
<struts>

	<constant name="struts.devMode" value="true" />

	<package name="default" namespace="/"
		extends="struts-default, json-default, tiles-default">

		<action name="registrar"
			class="com.pe.sanpedro.action.pacienteAction"
			method="registrarPaciente">
			<result name="exito">/NuevaWeb/login.jsp</result>
			<result name="error">/error.jsp</result>
		</action>

		<action name="login" class="com.pe.sanpedro.action.LoginAction"
			method="validar">
			<result name="success">/NuevaWeb/principal.jsp</result>
			<result name="error">/NuevaWeb/login.jsp</result>
		</action>
		<action name="logout"
			class="com.pe.sanpedro.action.LoginAction" method="logout">
			<result name="success">/login.jsp</result>
			<result name="error">/error.jsp</result>
		</action>
		<action name="listando"
			class="com.pe.sanpedro.action.HorarioAction" method="listar">
			<result name="success">/listado.jsp</result>
			<result name="error">/error.jsp</result>
		</action>
		
	</package>

</struts>
